A sua empresa oferece beneficios referentes a saude mental como parte dos beneficios de saude?,"A sua empresa ja debateu saude mental formalmente (por exemplo, via um programa de concientizacao corporativo)?",A sua empresa oferece recursos para aprender mais sobre saude mental e alternativas para buscar ajuda?,A sua privacidade eh protegida se voce optar por um tratamento de saude mental oferecido pela sua empresa?,"Caso voce sinta a necessidade de solicitar uma licenca do trabalho devido a saude mental, quao facil ou dificil seria fazer essa solicitacao?",Voce se sentiria confortavel discutindo uma questao de saude mental com o seu chefe direto?,Voce se sentiria confortavel discutindo uma questao de saude mental com os seus pares?,O quao propenso voce estaria em dividir com amigos e familiares que voce possui uma doenca mental?,"Se voce revelou uma doenca mental para um cliente ou contato de negocio, como isso afetou voce e/ou o relacionamento?","Se voce revelou uma doenca mental para um para par ou funcionario, como isso afetou voce e/ou o relacionamento?",Idade,Genero,Qual pais voce reside?,Qual pais voce trabalha?,Voce ja foi diagnosticado com uma doenca mental?,Voce ja procurou tratamento profissional para uma doenca mental?
Sim,Sim,Sim,Sim,Um pouco dificil,Nao,Nao,3,,,57.0,Feminino,Canada,Canada,,Sim
Sim,Nao,Eu nao sei,Eu nao sei,Um pouco dificil,Nao,Nao,3,,,29.0,masculino,United States,United States,Sim,Sim
Sim,Nao,Nao,Eu nao sei,Facil,Nao,Nao,2,,,46.0,Masculino,United States,United States,,Nao
Sim,Sim,Sim,Sim,Facil,Sim,Sim,7,,,29.0,Ostensivamente Masculino,United States,United States,Sim,Sim
Sim,Nao,Eu nao sei,Eu nao sei,Facil,Sim,Sim,8,,,55.0,masculino,United States,United States,,Nao
Sim,Nao,Sim,Eu nao sei,Um pouco dificil,Nao,Nao,5,,,37.0,Masculino,United States,United States,,Nao
Sim,Sim,Sim,Eu nao sei,Facil,Talvez,Talvez,8,,,45.0,Masculino,United States,United States,Sim,Sim
Nao,Nao,Nao,Eu nao sei,Muito Facil,Talvez,Nao,7,,,31.0,Masculino,Germany,Germany,Sim,Sim
,,,,,,,4,,Nao aplicavel,38.0,Feminino,Canada,Canada,,Nao
Eu nao sei,Nao,Eu nao sei,Eu nao sei,Facil,Talvez,Sim,2,,,26.0,Masculino,Germany,Germany,,Nao
Sim,Nao,Nao,Eu nao sei,Um pouco dificil,Talvez,Talvez,9,,,35.0,Masculino,Canada,Canada,Sim,Sim
Sim,Nao,Sim,Eu nao sei,Nem facil nem dificil,Nao,Nao,8,,,47.0,Masculino,United States,United States,Sim,Nao
Sim,Eu nao sei,Eu nao sei,Eu nao sei,Eu nao sei,Talvez,Talvez,8,,,37.0,Masculino,United States,United States,Sim,Sim
,,,,,,,10,Sem mudanca,Nao tenho certeza,46.0,Masculino,United Kingdom,United Kingdom,Sim,Sim
Sim,Nao,Eu nao sei,Eu nao sei,Facil,Nao,Sim,8,,,37.0,Masculino,United States,United States,Sim,Sim
Sim,Eu nao sei,Sim,Sim,Facil,Sim,Talvez,8,,,36.0,masculino,United States,United States,Sim,Sim
Sim,Nao,Nao,Eu nao sei,Muito Facil,Nao,Nao,6,,,45.0,Masculino,United States,United States,,Sim
Eu nao sei,Nao,Eu nao sei,Eu nao sei,Um pouco dificil,Talvez,Talvez,6,,,30.0,Masculino,United States,United States,,Nao
Nao,Sim,Nao,Eu nao sei,Muito Facil,Talvez,Talvez,7,,,46.0,masculino,Germany,Germany,,Sim
Nao,Nao,Nao,Eu nao sei,Dificil,Nao,Talvez,5,,,29.0,masculino,India,India,,Nao
,,,,,,,9,Sem mudanca,Nao aplicavel,26.0,Masculino,United States,United States,Sim,Sim
Eu nao sei,Nao,Eu nao sei,Eu nao sei,Dificil,Nao,Nao,0,,,44.0,Masculino,Canada,Canada,Sim,Sim
Sim,Nao,Eu nao sei,Eu nao sei,Nem facil nem dificil,Nao,Talvez,5,,,32.0,Masculino,United States,United States,,Nao
Sim,Sim,Sim,Sim,Muito Facil,Talvez,Sim,5,,,19.0,masculino,Australia,Australia,,Nao
Eu nao sei,Nao,Eu nao sei,Eu nao sei,Eu nao sei,Nao,Nao,2,,,38.0,M,United Kingdom,United Kingdom,Sim,Sim
Nao elegivel - NA,Nao,Nao,Nao,Dificil,Nao,Nao,2,,,61.0,Masculino,United States,United States,Sim,Sim
Sim,Nao,Eu nao sei,Eu nao sei,Eu nao sei,Nao,Sim,8,,,44.0,Masculino,United States,United States,,Nao
,,,,,,,8,,Nao tenho certeza,32.0,Feminino ,United States,United States,Sim,Sim
Sim,Sim,Sim,Eu nao sei,Nem facil nem dificil,Sim,Nao,6,,,30.0,Feminino,United States,United States,,Sim
Eu nao sei,Nao,Nao,Eu nao sei,Eu nao sei,Nao,Nao,9,,,44.0,masculino,United States,United States,Sim,Sim
Eu nao sei,Nao,Nao,Eu nao sei,Muito Facil,Sim,Sim,10,,,39.0,Masculino,United States,United States,Sim,Sim
,,,,,,,4,,Nao aplicavel,30.0,,Netherlands,Netherlands,,Nao
Eu nao sei,Nao,Nao,Sim,Um pouco dificil,Nao,Talvez,0,,,39.0,masculino,United States,United States,,Nao
Sim,Sim,Sim,Eu nao sei,Muito Facil,Sim,Sim,8,,,33.0,masculino,United States,United States,Sim,Sim
,,,,,,,7,,Nao aplicavel,37.0,Masculino,United States,United States,,Nao
Nao,Sim,Sim,Eu nao sei,Muito Facil,Talvez,Sim,10,,,28.0,Masculino,India,India,,Nao
Eu nao sei,Nao,Nao,Eu nao sei,Facil,Nao,Sim,0,,,42.0,masculino,United States,United States,,Nao
Sim,Eu nao sei,Sim,Eu nao sei,Eu nao sei,Sim,Sim,10,,,35.0,masculino,United States,United States,Sim,Sim
Sim,Sim,Sim,Sim,Muito Facil,Sim,Sim,5,,,28.0,feminino,United States,United States,,Nao
Sim,Eu nao sei,Eu nao sei,Eu nao sei,Um pouco dificil,Sim,Talvez,10,,,37.0,masculino,United States,United States,Sim,Sim
Eu nao sei,Nao,Nao,Eu nao sei,Facil,Nao,Nao,7,,,35.0,feminino,United States,United States,Sim,Sim
Eu nao sei,Nao,Eu nao sei,Eu nao sei,Eu nao sei,Nao,Talvez,5,,,31.0,masculino,United States,United States,,Nao
,,,,,,,10,,Nao aplicavel,24.0,Masculino,United States,United States,,Sim
Sim,Nao,Nao,Eu nao sei,Um pouco dificil,Talvez,Nao,5,,,27.0,Feminino,United States,United States,,Nao
Sim,Sim,Sim,Eu nao sei,Muito Facil,Sim,Sim,9,,,36.0,Masculino,United States,United States,,Sim
Eu nao sei,Nao,Eu nao sei,Sim,Facil,Sim,Talvez,8,,,33.0,masculino,United States,United States,,Sim
,,,,,,,7,Negativamente,Nao tenho certeza,26.0,M,United States,United States,Sim,Sim
Sim,Sim,Sim,Sim,Muito Facil,Nao,Talvez,3,,,26.0,Masculino,United States,United States,,Nao
Eu nao sei,Nao,Nao,Eu nao sei,Eu nao sei,Nao,Nao,5,,,24.0,Masculino,United States,United States,Sim,Sim
Sim,Sim,Sim,Eu nao sei,Facil,Sim,Sim,7,,,34.0,Masculino,United States,United States,Sim,Sim
Sim,Nao,Nao,Eu nao sei,Eu nao sei,Nao,Nao,5,,,25.0,Masculino,United States,United States,,Nao
Eu nao sei,Nao,Nao,Sim,Eu nao sei,Nao,Talvez,5,,,19.0,feminino,United States,United States,Sim,Sim
Sim,Nao,Eu nao sei,Sim,Um pouco dificil,Nao,Nao,4,,,28.0,M,United States,United States,,Nao
Sim,Nao,Nao,Sim,Facil,Sim,Nao,10,,,26.0,masculino,United States,United States,Sim,Sim
Eu nao sei,Nao,Nao,Eu nao sei,Um pouco dificil,Talvez,Nao,1,,,23.0,masculino,United States,United States,Sim,Sim
Sim,Sim,Sim,Sim,Facil,Sim,Talvez,8,,,46.0,M,United States,United States,,Nao
Eu nao sei,Nao,Nao,Eu nao sei,Dificil,Sim,Nao,6,,,28.0,Masculino,United States,United States,,Nao
Eu nao sei,Nao,Nao,Eu nao sei,Facil,Talvez,Talvez,2,,,30.0,Feminino,United States,United States,Sim,Sim
Eu nao sei,Nao,Nao,Eu nao sei,Um pouco dificil,Sim,Talvez,7,,,26.0,Masculino,Brazil,Brazil,,Nao
Sim,Sim,Sim,Eu nao sei,Nem facil nem dificil,Talvez,Talvez,10,,,35.0,Masculino,United States,United States,Sim,Sim
Sim,Sim,Sim,Sim,Eu nao sei,Talvez,Nao,10,,,26.0,Feminino,United States,United States,Sim,Sim
Sim,Sim,Sim,Sim,Muito Facil,Talvez,Sim,8,,,29.0,Feminino,United Kingdom,United Kingdom,,Nao
Sim,Eu nao sei,Sim,Sim,Eu nao sei,Sim,Talvez,8,,,57.0,Masculino,United States,United States,Sim,Sim
Sim,Sim,Sim,Sim,Facil,Sim,Nao,1,,,38.0,Masculino,United States,United States,,Nao
Sim,Sim,Sim,Sim,Facil,Sim,Sim,10,,,20.0,Feminino,United Kingdom,United Kingdom,Sim,Sim
Eu nao sei,Nao,Nao,Eu nao sei,Dificil,Nao,Talvez,2,,,41.0,M,United States,United States,,Nao
Sim,Nao,Nao,Nao,Um pouco dificil,Talvez,Nao,0,,,43.0,masculino,United States,United States,,Nao
Sim,Nao,Sim,Sim,Eu nao sei,Sim,Talvez,10,,,35.0,Masculino,United States,United States,Sim,Sim
Eu nao sei,Nao,Nao,Eu nao sei,Nem facil nem dificil,Sim,Sim,8,,,40.0,feminino,United States,United States,,Sim
Eu nao sei,Eu nao sei,Eu nao sei,Nao,Nem facil nem dificil,Talvez,Talvez,5,,,28.0,masculino,Brazil,Brazil,,Nao
Sim,Sim,Sim,Sim,Muito Facil,Sim,Sim,10,,,42.0,Masculino,United States,United States,Sim,Sim
Sim,Nao,Sim,Sim,Facil,Talvez,Talvez,4,,,39.0,masculino,United States,United States,,Nao
Sim,Eu nao sei,Sim,Sim,Nem facil nem dificil,Sim,Talvez,10,,,28.0,M,United States,United States,Sim,Sim
Nao,Nao,Eu nao sei,Eu nao sei,Facil,Sim,Talvez,7,,,22.0,m,India,India,,Nao
Sim,Nao,Sim,Eu nao sei,Um pouco dificil,Nao,Sim,8,,,29.0,mulher,United States,United States,,Sim
,,,,,,,5,,Nao tenho certeza,45.0,Masculino,United States,United States,Sim,Nao
Eu nao sei,Nao,Nao,Eu nao sei,Um pouco dificil,Nao,Nao,10,,,32.0,F,Germany,Germany,,Nao
Sim,Nao,Eu nao sei,Eu nao sei,Facil,Sim,Talvez,8,,,28.0,Masculino,United States,United States,Sim,Sim
Sim,Nao,Sim,Sim,Facil,Sim,Talvez,10,,,31.0,masculino,United States,United States,Sim,Sim
Sim,Sim,Sim,Sim,Eu nao sei,Nao,Nao,7,,,27.0,Feminino,United States,United States,,Nao
Nao,Nao,Nao,Nao,Dificil,Nao,Nao,2,,,37.0,Masculino,United States,United States,Sim,Sim
Sim,Nao,Eu nao sei,Sim,Muito Facil,Nao,Sim,10,,,53.0,Feminino,United States,United States,,Sim
Nao elegivel - NA,Nao,Nao,Eu nao sei,Muito Facil,Talvez,Talvez,8,,,32.0,Masculino,France,France,,Nao
Eu nao sei,Nao,Nao,Eu nao sei,Um pouco dificil,Nao,Talvez,10,,,25.0,Me identifico como feminina,United States,United States,Sim,Sim
Nao elegivel - NA,Nao,Eu nao sei,Eu nao sei,Dificil,Talvez,Talvez,10,,,29.0,F,United States,United States,Sim,Sim
Sim,Nao,Sim,Sim,Um pouco dificil,Sim,Talvez,9,,,47.0,Masculino,United States,United States,,Nao
,,,,,,,4,,Nao aplicavel,36.0,Masculino,United States,United States,,Nao
Sim,Nao,Eu nao sei,Eu nao sei,Um pouco dificil,Talvez,Talvez,9,,,61.0,Masculino,United States,United States,,Sim
Sim,Nao,Eu nao sei,Sim,Eu nao sei,Talvez,Talvez,9,,,28.0,masculino,United States,United States,,Nao
Sim,Sim,Nao,Sim,Eu nao sei,Sim,Sim,8,,,31.0,Masculino,United States,United States,,Sim
Eu nao sei,Nao,Eu nao sei,Eu nao sei,Facil,Sim,Talvez,9,,,40.0,Masculino,United States,United States,Sim,Sim
,,,,,,,7,,Nao aplicavel,32.0,Masculino,United States,United States,,Nao
Sim,Nao,Eu nao sei,Sim,Facil,Sim,Sim,9,,,41.0,Masculino,United States,United States,,Nao
Sim,Nao,Sim,Eu nao sei,Dificil,Talvez,Nao,10,,,34.0,M,United States,United States,Sim,Sim
Eu nao sei,Nao,Nao,Eu nao sei,Nem facil nem dificil,Talvez,Talvez,2,,,31.0,Feminino,United States,United States,Sim,Sim
Sim,Nao,Eu nao sei,Sim,Muito Facil,Sim,Sim,10,,,35.0,Feminino,United States,United States,Sim,Sim
Sim,Sim,Sim,Sim,Facil,Talvez,Sim,8,,,27.0,Feminino,United States,United States,,Sim
Sim,Nao,Sim,Sim,Facil,Sim,Talvez,6,,,42.0,Feminino,United States,United States,,Sim
,,,,,,,5,,Positivamente,67.0,Feminino,United States,United States,,Sim
Sim,Nao,Nao,Sim,Facil,Nao,Nao,9,,,56.0,masculino,United States,United States,Sim,Sim
Sim,Nao,Nao,Eu nao sei,Nem facil nem dificil,Talvez,Talvez,8,,,27.0,Feminino,United States,United States,Sim,Sim
Sim,Nao,Eu nao sei,Sim,Um pouco dificil,Sim,Sim,5,,,37.0,Feminino,United Kingdom,United Kingdom,,Sim
Sim,Sim,Sim,Sim,Muito Facil,Nao,Sim,2,,,30.0,Feminino,United Kingdom,United Kingdom,Sim,Nao
Sim,Eu nao sei,Eu nao sei,Sim,Um pouco dificil,Sim,Talvez,8,,,39.0,Masculino,United States,United States,,Nao
Nao elegivel - NA,Nao,Nao,Eu nao sei,Eu nao sei,Talvez,Talvez,7,,,30.0,Feminino,United States,United States,Sim,Sim
Eu nao sei,Nao,Eu nao sei,Eu nao sei,Facil,Sim,Sim,7,,,31.0,masculino,Netherlands,Netherlands,,Nao
Sim,Nao,Nao,Eu nao sei,Eu nao sei,Nao,Talvez,10,,,46.0,Masculino,United Kingdom,United Kingdom,,Sim
Sim,Sim,Sim,Sim,Um pouco dificil,Talvez,Talvez,9,,,45.0,Feminino,United States,United States,Sim,Sim
Nao elegivel - NA,Nao,Nao,Eu nao sei,Eu nao sei,Talvez,Talvez,5,,,38.0,f,United States,United States,Sim,Sim
Sim,Sim,Eu nao sei,Eu nao sei,Muito Facil,Sim,Nao,5,,,41.0,m,United States,United States,,Nao
Sim,Eu nao sei,Sim,Sim,Facil,Talvez,Sim,6,,,37.0,Masculino,United States,United States,Sim,Sim
Eu nao sei,Nao,Nao,Sim,Muito Facil,Nao,Nao,9,,,33.0,feminino,United States,United States,,Nao
Sim,Sim,Sim,Sim,Muito Facil,Sim,Talvez,10,,,28.0,não binário,United States,United States,Sim,Sim
,,,,,,,5,,Nao aplicavel,34.0,feminino,United States,United States,Sim,Sim
Sim,Nao,Nao,Eu nao sei,Eu nao sei,Sim,Sim,10,,,29.0,f,Canada,Canada,Sim,Sim
Sim,Nao,Nao,Eu nao sei,Nem facil nem dificil,Sim,Sim,5,,,28.0,feminino,United States,United States,Sim,Sim
,,,,,,,10,Positivamente,Positivamente,41.0,Masculino,Australia,Australia,Sim,Sim
Sim,Sim,Sim,Eu nao sei,Eu nao sei,Talvez,Sim,8,,,38.0,Masculino,United States,United States,Sim,Sim
,,,,,,,8,Positivamente,Positivamente,37.0,"Masculino (or feminino, ou ambos)",Netherlands,Netherlands,,Sim
Sim,Sim,Sim,Sim,Facil,Nao,Talvez,7,,,42.0,Masculino,United States,United States,,Sim
Sim,Sim,Nao,Eu nao sei,Facil,Talvez,Talvez,3,,,28.0,Feminino,United States,United States,Sim,Nao
Sim,Sim,Sim,Sim,Eu nao sei,Sim,Sim,9,,,30.0,masculino,United States,United States,Sim,Sim
Sim,Sim,Sim,Eu nao sei,Muito Facil,Sim,Sim,9,,,25.0,Feminino,United Kingdom,United Kingdom,Sim,Sim
,,,,,,,8,,Positivamente,54.0,Masculino,United Kingdom,United Kingdom,,Nao
,,,,,,,6,,Nao aplicavel,24.0,masculino,United Kingdom,United Kingdom,,Nao
,,,,,,,6,,Nao aplicavel,32.0,masculino,United Kingdom,United Kingdom,,Sim
Sim,Nao,Sim,Eu nao sei,Dificil,Nao,Sim,10,,,44.0,Masculino,United States,United States,,Sim
Sim,Nao,Nao,Eu nao sei,Eu nao sei,Sim,Nao,1,,,28.0,Transgênero,United States,United States,Sim,Sim
Sim,Nao,Eu nao sei,Eu nao sei,Muito Facil,Talvez,Sim,7,,,41.0,Feminino,United States,United States,,Sim
Sim,Nao,Sim,Eu nao sei,Facil,Talvez,Talvez,7,,,38.0,masculino,United States,United States,,Nao
Sim,Nao,Eu nao sei,Eu nao sei,Eu nao sei,Talvez,Talvez,8,,,37.0,cisgênero masculino,United States,United States,Sim,Sim
Eu nao sei,Nao,Eu nao sei,Eu nao sei,Nem facil nem dificil,Talvez,Talvez,5,,,33.0,m,United States,United States,,Nao
Sim,Sim,Sim,Sim,Facil,Talvez,Sim,9,,,35.0,Feminino,United States,United States,Sim,Sim
Sim,Nao,Nao,Sim,Facil,Talvez,Talvez,6,,,43.0,Masculino,United States,United States,Sim,Sim
Nao elegivel - NA,Sim,Sim,Sim,Muito Facil,Sim,Sim,9,,,34.0,M,United States,United States,,Sim
Nao,Sim,Sim,Sim,Facil,Sim,Talvez,8,,,44.0,Feminino,United States,United States,,Sim
Sim,Nao,Sim,Sim,Facil,Sim,Talvez,9,,,38.0,Masculino,United States,United States,Sim,Sim
Nao,Nao,Nao,Sim,Facil,Talvez,Talvez,4,,,55.0,m,United States,United States,,Nao
Nao elegivel - NA,Nao,Eu nao sei,Eu nao sei,Muito Facil,Nao,Nao,0,,,25.0,M,India,India,,Nao
Sim,Nao,Eu nao sei,Eu nao sei,Dificil,Nao,Nao,1,,,37.0,Masculino,United States,United States,Sim,Sim
Sim,Sim,Sim,Eu nao sei,Muito Facil,Talvez,Sim,9,,,39.0,Masculino,United States,United States,,Nao
Sim,Eu nao sei,Sim,Eu nao sei,Nem facil nem dificil,Talvez,Talvez,3,,,23.0,masculino,United States,United States,,Nao
,,,,,,,4,,Nao aplicavel,34.0,f,United States,United States,,Nao
Sim,Nao,Nao,Eu nao sei,Um pouco dificil,Talvez,Talvez,10,,,43.0,M,United States,United States,Sim,Sim
Eu nao sei,Nao,Eu nao sei,Sim,Nem facil nem dificil,Sim,Talvez,9,,,29.0,Masculino,United States,United States,Sim,Sim
Nao,Nao,Nao,Eu nao sei,Facil,Sim,Sim,7,,,25.0,Masculino,United States,United States,,Nao
Sim,Nao,Nao,Sim,Muito Facil,Talvez,Nao,0,,,36.0,Masculino ,United States,United States,,Nao
Sim,Nao,Nao,Sim,Muito Facil,Sim,Sim,6,,,33.0,Masculino,United States,United States,,Sim
Sim,Nao,Eu nao sei,Eu nao sei,Facil,Sim,Sim,8,,,34.0,masculino,United States,United States,,Nao
Sim,Sim,Sim,Sim,Facil,Talvez,Talvez,7,,,28.0,m,United States,United States,,Nao
Sim,Sim,Sim,Eu nao sei,Facil,Sim,Talvez,9,,,54.0,Transgênero,United States,United States,,Sim
Eu nao sei,Nao,Nao,Eu nao sei,Eu nao sei,Sim,Talvez,7,,,39.0,masculino,United States,United States,,Nao
Sim,Nao,Sim,Sim,Um pouco dificil,Nao,Talvez,4,,,37.0,cisgênero masculino,United States,United States,Sim,Sim
Eu nao sei,Nao,Eu nao sei,Eu nao sei,Facil,Nao,Nao,6,,,29.0,m,United States,United States,,Nao
Eu nao sei,Nao,Sim,Eu nao sei,Muito Facil,Sim,Talvez,7,,,31.0,Masculino,United States,United States,,Nao
Sim,Sim,Eu nao sei,Sim,Muito Facil,Sim,Sim,10,,,49.0,Masculino,United States,United States,Sim,Sim
Sim,Eu nao sei,Eu nao sei,Sim,Muito Facil,Talvez,Nao,7,,,43.0,Masculino,United States,United States,,Sim
Sim,Sim,Sim,Sim,Facil,Sim,Sim,10,,,38.0,não binário,United States,United States,Sim,Sim
Sim,Eu nao sei,Eu nao sei,Eu nao sei,Facil,Talvez,Talvez,7,,,35.0,feminino,United States,United States,,Sim
Sim,Nao,Sim,Eu nao sei,Facil,Talvez,Talvez,3,,,23.0,Masculino,United States,United States,Sim,Sim
Eu nao sei,Nao,Eu nao sei,Sim,Muito Facil,Sim,Sim,10,,,42.0,Masculino,United Kingdom,United Kingdom,,Sim
Sim,Sim,Sim,Sim,Facil,Sim,Talvez,8,,,36.0,masculino,United States,United States,Sim,Sim
Sim,Nao,Eu nao sei,Eu nao sei,Facil,Sim,Nao,4,,,38.0,Masculino,United States,United States,Nao,Sim
Eu nao sei,Nao,Sim,Eu nao sei,Eu nao sei,Talvez,Talvez,5,,,41.0,Masculino,United Kingdom,United Kingdom,,Sim
Sim,Eu nao sei,Eu nao sei,Sim,Nem facil nem dificil,Sim,Talvez,7,,,37.0,f,United States,United States,Sim,Sim
Eu nao sei,Sim,Sim,Sim,Facil,Sim,Talvez,10,,,25.0,masculino,United States,United States,Sim,Sim
Sim,Sim,Sim,Sim,Facil,Sim,Sim,9,,,33.0,Masculino,United States,United States,,Nao
Eu nao sei,Sim,Eu nao sei,Eu nao sei,Facil,Sim,Sim,7,,,35.0,feminino,United States,United States,,Sim
Sim,Sim,Sim,Eu nao sei,Nem facil nem dificil,Nao,Talvez,10,,,32.0,Feminino,United States,United States,Sim,Sim
,,,,,,,4,,Nao tenho certeza,45.0,,United States,United States,,Nao
Sim,Sim,Sim,Eu nao sei,Nem facil nem dificil,Sim,Talvez,5,,,40.0,cisgênero feminino,United States,United States,Sim,Sim
Sim,Eu nao sei,Eu nao sei,Eu nao sei,Facil,Talvez,Sim,8,,,34.0,Masculino,United States,United States,,Sim
Sim,Sim,Sim,Sim,Facil,Sim,Nao,4,,,28.0,Masculino,United States,United States,,Nao
Sim,Nao,Eu nao sei,Eu nao sei,Um pouco dificil,Nao,Nao,2,,,49.0,M,United States,United States,Sim,Sim
Sim,Sim,Sim,Sim,Muito Facil,Sim,Sim,8,,,33.0,feminino,United States,United States,Sim,Sim
,,,,,,,9,Nao tenho certeza,Nao tenho certeza,41.0,cisgênero masculino,United States,United States,Sim,Sim
Sim,Nao,Nao,Sim,Muito Facil,Nao,Talvez,5,,,36.0,m,United States,United States,,Sim
Nao,Nao,Sim,Nao,Dificil,Talvez,Talvez,10,,,37.0,Masculino,United States,United States,Sim,Sim
Eu nao sei,Nao,Eu nao sei,Eu nao sei,Dificil,Talvez,Talvez,7,,,39.0,Masculino,United States,United States,Sim,Sim
Eu nao sei,Nao,Nao,Eu nao sei,Um pouco dificil,Nao,Talvez,5,,,49.0,cisgênero feminino,United States,United States,,Sim
Eu nao sei,Sim,Sim,Eu nao sei,Eu nao sei,Sim,Talvez,8,,,33.0,Masculino,United States,United States,,Nao
Nao elegivel - NA,Nao,Nao,Eu nao sei,Facil,Talvez,Talvez,6,,,29.0,,United Kingdom,United Kingdom,,Sim
,,,,,,,8,Nao tenho certeza,Nao aplicavel,34.0,M,United States,United States,,Nao
Eu nao sei,Sim,Eu nao sei,Eu nao sei,Muito Facil,Sim,Sim,5,,,29.0,Masculino,United Kingdom,United Kingdom,,Sim
Sim,Nao,Nao,Eu nao sei,Eu nao sei,Talvez,Talvez,4,,,25.0,Masculino,United States,United States,,Nao
Eu nao sei,Nao,Eu nao sei,Eu nao sei,Dificil,Nao,Nao,8,,,35.0,Masculino,United States,United States,Sim,Sim
,,,,,,,8,,Nao aplicavel,32.0,Masculino,United States,United States,,Nao
Sim,Nao,Sim,Eu nao sei,Eu nao sei,Sim,Sim,10,,,21.0,Masculino,United States,United States,Sim,Sim
Sim,Nao,Nao,Sim,Muito Facil,Sim,Sim,10,,,43.0,M,United States,United States,,Sim
Sim,Sim,Sim,Eu nao sei,Facil,Sim,Sim,8,,,31.0,Feminino,United States,United States,Sim,Sim
Eu nao sei,Sim,Sim,Eu nao sei,Eu nao sei,Talvez,Talvez,8,,,27.0,cisgênero feminino,United States,United States,Sim,Sim
Sim,Nao,Nao,Sim,Facil,Nao,Nao,0,,,23.0,Homem,United States,United States,Sim,Sim
Sim,Sim,Sim,Sim,Muito Facil,Nao,Nao,5,,,28.0,masculino,United States,United States,,Sim
Sim,Sim,Sim,Eu nao sei,Um pouco dificil,Nao,Nao,7,,,37.0,Feminino,United States,United States,Sim,Sim
Eu nao sei,Nao,Eu nao sei,Eu nao sei,Facil,Talvez,Sim,6,,,30.0,masculino,United States,United States,,Nao
Sim,Nao,Sim,Eu nao sei,Eu nao sei,Nao,Nao,4,,,30.0,M,United States,United States,,Nao
Sim,Nao,Nao,Eu nao sei,Um pouco dificil,Talvez,Talvez,10,,,30.0,cisgênero feminino,United States,United States,Sim,Sim
,,,,,,,4,Nao tenho certeza,Nao tenho certeza,32.0,F,United States,United States,,Sim
Nao,Nao,Eu nao sei,Eu nao sei,Dificil,Nao,Nao,8,,,35.0,M,United States,United States,Sim,Sim
Sim,Sim,Sim,Sim,Muito Facil,Sim,Talvez,8,,,45.0,Feminino,United States,United States,Sim,Sim
Nao,Nao,Nao,Eu nao sei,Dificil,Nao,Talvez,8,,,31.0,feminino,Germany,Germany,Sim,Sim
Sim,Sim,Sim,Eu nao sei,Facil,Talvez,Sim,5,,,34.0,Feminino,United States,United States,Sim,Sim
Nao,Nao,Nao,Eu nao sei,Dificil,Nao,Nao,7,,,30.0,Masculino,United States,United States,,Sim
Sim,Nao,Nao,Eu nao sei,Facil,Nao,Talvez,8,,,33.0,Transgênero,United States,United States,Sim,Sim
Eu nao sei,Nao,Sim,Eu nao sei,Eu nao sei,Nao,Nao,6,,,28.0,feminino,United States,United States,,Nao
Nao,Nao,Nao,Eu nao sei,Facil,Nao,Sim,10,,,28.0,Masculino,United States,United States,,Sim
Sim,Nao,Eu nao sei,Sim,Nem facil nem dificil,Nao,Sim,9,,,33.0,Masculino,United States,United States,Sim,Sim
Sim,Sim,Nao,Sim,Muito Facil,Nao,Sim,6,,,28.0,Feminino,United States,United States,,Sim
Eu nao sei,Nao,Nao,Eu nao sei,Eu nao sei,Talvez,Talvez,9,,,28.0,Feminino,United States,United States,Nao,Sim
Eu nao sei,Nao,Eu nao sei,Nao,Facil,Sim,Talvez,6,,,43.0,Masculino,United States,United States,,Nao
Eu nao sei,Eu nao sei,Eu nao sei,Eu nao sei,Nem facil nem dificil,Sim,Talvez,6,,,31.0,Feminino,United States,United States,,Nao
Sim,Eu nao sei,Eu nao sei,Eu nao sei,Facil,Sim,Talvez,8,,,40.0,feminino,United States,United States,,Nao
Sim,Nao,Eu nao sei,Eu nao sei,Facil,Talvez,Talvez,6,,,42.0,Feminino,United States,United States,,Sim
Sim,Eu nao sei,Eu nao sei,Eu nao sei,Um pouco dificil,Talvez,Talvez,9,,,38.0,Masculino,United States,United States,,Sim
Eu nao sei,Nao,Nao,Sim,Muito Facil,Sim,Sim,9,,,39.0,Masculino,United States,United States,,Nao
Nao elegivel - NA,Nao,Eu nao sei,Eu nao sei,Um pouco dificil,Talvez,Talvez,3,,,21.0,Masculino,United States,United States,Sim,Sim
Sim,Sim,Sim,Eu nao sei,Facil,Talvez,Sim,10,,,32.0,mulher,United States,United States,,Sim
Nao elegivel - NA,Nao,Nao,Eu nao sei,Eu nao sei,Talvez,Sim,9,,,32.0,Masculino,United States,United States,,Sim
Sim,Sim,Sim,Eu nao sei,Muito Facil,Sim,Sim,9,,,40.0,Masculino ,United States,United States,Sim,Sim
,,,,,,,10,Sem mudanca,Sem mudanca,35.0,Masculino,United States,United States,Sim,Sim
Sim,Nao,Nao,Sim,Eu nao sei,Nao,Talvez,7,,,28.0,Masculino,United States,United States,,Sim
Sim,Sim,Sim,Sim,Nem facil nem dificil,Sim,Sim,9,,,25.0,Feminino,United States,United States,Sim,Sim
Sim,Sim,Sim,Sim,Muito Facil,Nao,Nao,5,,,37.0,masculino,United States,United States,,Nao
Sim,Sim,Sim,Sim,Muito Facil,Sim,Sim,8,,,40.0,outros,United States,United States,Sim,Sim
Eu nao sei,Nao,Nao,Eu nao sei,Nem facil nem dificil,Talvez,Talvez,5,,,31.0,Feminino,United States,United States,Sim,Sim
Sim,Nao,Nao,Eu nao sei,Facil,Nao,Talvez,10,,,26.0,queer,United States,United States,Sim,Sim
Sim,Nao,Eu nao sei,Eu nao sei,Um pouco dificil,Sim,Nao,8,,,27.0,Feminino,United States,United States,Sim,Sim
Sim,Eu nao sei,Nao,Eu nao sei,Eu nao sei,Talvez,Talvez,10,,,22.0,Mulher,United States,United States,Sim,Sim
Sim,Sim,Sim,Eu nao sei,Eu nao sei,Nao,Sim,10,,,27.0,Masculino,United States,United States,Sim,Sim
Sim,Nao,Eu nao sei,Eu nao sei,Eu nao sei,Talvez,Talvez,10,,,28.0,Feminino,United States,United States,,Nao
Sim,Sim,Nao,Sim,Facil,Nao,Talvez,2,,,32.0,feminino,United States,United States,Sim,Sim
Sim,Nao,Eu nao sei,Eu nao sei,Facil,Talvez,Sim,7,,,33.0,Masculino,United States,United States,,Nao
Sim,Sim,Sim,Sim,Facil,Talvez,Talvez,7,,,27.0,Feminino,United States,United States,Sim,Sim
Sim,Eu nao sei,Eu nao sei,Sim,Facil,Sim,Talvez,10,,,38.0,feminino,United States,United States,Sim,Sim
,,,,,,,7,,Nao aplicavel,31.0,Masculino,United States,United States,Sim,Sim
Sim,Nao,Nao,Sim,Muito Facil,Sim,Sim,4,,,28.0,Feminino,United States,United States,Sim,Sim
Sim,Sim,Sim,Eu nao sei,Nem facil nem dificil,Talvez,Talvez,3,,,32.0,Feminino,United States,United States,,Nao
Nao,Nao,Nao,Sim,Muito Facil,Sim,Nao,5,,,30.0,Feminino,United States,United States,,Nao
Sim,Nao,Nao,Eu nao sei,Eu nao sei,Nao,Talvez,10,,,26.0,Feminino,United States,United States,Sim,Sim
Eu nao sei,Sim,Sim,Eu nao sei,Eu nao sei,Nao,Nao,7,,,41.0,Feminino,United States,United States,,Sim
Eu nao sei,Nao,Nao,Eu nao sei,Facil,Talvez,Talvez,5,,,39.0,Feminino,United States,United States,,Nao
Sim,Nao,Eu nao sei,Eu nao sei,Eu nao sei,Talvez,Sim,8,,,37.0,outros,United States,United States,,Nao
Nao elegivel - NA,Eu nao sei,Sim,Sim,Eu nao sei,Nao,Nao,8,,,21.0,Feminino,United States,United States,,Nao
,,,,,,,6,,Nao aplicavel,38.0,Masculino,United States,United States,,Nao
Sim,Nao,Nao,Eu nao sei,Facil,Nao,Sim,9,,,35.0,Feminino ,United States,United States,,Nao
Sim,Nao,Eu nao sei,Sim,Facil,Nao,Nao,6,,,38.0,Masculino ,Netherlands,Netherlands,,Nao
Nao,Nao,Nao,Eu nao sei,Nem facil nem dificil,Talvez,Talvez,9,,,29.0,feminino,United States,United States,Sim,Sim
Sim,Sim,Sim,Sim,Facil,Talvez,Sim,6,,,25.0,Feminino,United States,United States,Sim,Sim
Eu nao sei,Nao,Eu nao sei,Eu nao sei,Facil,Nao,Talvez,6,,,41.0,feminino,United States,United States,,Sim
Sim,Nao,Nao,Eu nao sei,Muito Facil,Sim,Sim,10,,,37.0,Feminino,United States,United States,Sim,Sim
Eu nao sei,Nao,Nao,Eu nao sei,Facil,Talvez,Talvez,7,,,29.0,Masculino,United States,United States,Sim,Sim
Sim,Eu nao sei,Eu nao sei,Eu nao sei,Muito Facil,Sim,Sim,7,,,45.0,F,United States,United States,,Nao
Eu nao sei,Nao,Nao,Sim,Muito Facil,Nao,Nao,5,,,45.0,nenhum,Germany,Germany,,Nao
Sim,Nao,Sim,Sim,Facil,Sim,Sim,7,,,45.0,Feminino,United States,United States,,Sim
Sim,Sim,Sim,Sim,Facil,Sim,Sim,10,,,30.0,Transgênero,United States,United States,Sim,Sim
Eu nao sei,Nao,Nao,Eu nao sei,Muito Facil,Sim,Sim,10,,,27.0,masculino,United States,United States,,Nao
Eu nao sei,Nao,Eu nao sei,Eu nao sei,Dificil,Sim,Talvez,0,,,36.0,cisgênero masculino,United States,United States,,Nao
Sim,Sim,Sim,Sim,Dificil,Nao,Talvez,10,,,44.0,F,United States,United States,Sim,Sim
Sim,Sim,Sim,Eu nao sei,Eu nao sei,Talvez,Sim,9,,,35.0,Feminino,United States,United States,Sim,Sim
Eu nao sei,Nao,Nao,Eu nao sei,Eu nao sei,Talvez,Nao,8,,,42.0,não-binário,United States,United States,,Nao
Sim,Sim,Sim,Eu nao sei,Um pouco dificil,Nao,Nao,8,,,26.0,Masculino,United States,United States,Sim,Sim
,,,,,,,6,Positivamente,Positivamente,33.0,Feminino,United States,United States,,Sim
Sim,Nao,Nao,Eu nao sei,Muito Facil,Sim,Sim,7,,,25.0,queer,United States,United States,,Sim
Sim,Nao,Nao,Eu nao sei,Eu nao sei,Talvez,Talvez,10,,,36.0,F,United States,United States,Sim,Sim
Sim,Sim,Sim,Eu nao sei,Nem facil nem dificil,Sim,Nao,5,,,32.0,feminino,United States,United States,Sim,Sim
Sim,Sim,Sim,Eu nao sei,Um pouco dificil,Talvez,Talvez,8,,,29.0,Feminino,United States,United States,Sim,Sim
Eu nao sei,Sim,Sim,Sim,Muito Facil,Talvez,Talvez,1,,,29.0,f,United States,United States,,Nao
Sim,Eu nao sei,Eu nao sei,Sim,Muito Facil,Sim,Talvez,7,,,43.0,Masculino,United States,United States,,Nao
Nao,Sim,Eu nao sei,Eu nao sei,Facil,Sim,Sim,7,,,26.0,Masculino,United Kingdom,United Kingdom,,Nao
Sim,Nao,Nao,Eu nao sei,Um pouco dificil,Talvez,Talvez,9,,,46.0,Masculino,United States,United States,Sim,Sim
,,,,,,,8,,Nao aplicavel,35.0,Feminino,United States,United States,Sim,Sim
,,,,,,,2,,Nao aplicavel,37.0,Masculino,United States,United States,,Sim
Sim,Sim,Sim,Sim,Facil,Sim,Sim,8,,,30.0,Feminino,United States,United States,Sim,Sim
Sim,Nao,Eu nao sei,Eu nao sei,Eu nao sei,Talvez,Talvez,7,,,36.0,Masculino,United States,United States,Sim,Sim
Sim,Nao,Sim,Eu nao sei,Eu nao sei,Talvez,Talvez,10,,,31.0,Feminino,United States,United States,Sim,Sim
Nao elegivel - NA,Nao,Nao,Eu nao sei,Facil,Nao,Talvez,6,,,42.0,Masculino,France,France,,Sim
,,,,,,,6,,Nao aplicavel,41.0,cisgênero masculino,United States,United States,,Nao
Eu nao sei,Nao,Eu nao sei,Eu nao sei,Eu nao sei,Sim,Sim,9,,,33.0,Feminino,United States,United States,,Nao
Sim,Eu nao sei,Sim,Sim,Dificil,Nao,Talvez,2,,,26.0,masculino,United States,United States,,Sim
Nao,Nao,Nao,Eu nao sei,Eu nao sei,Talvez,Sim,10,,,37.0,m,United States,United States,,Sim
Sim,Sim,Sim,Sim,Facil,Sim,Sim,8,,,36.0,outros,United States,United States,Sim,Sim
Eu nao sei,Nao,Eu nao sei,Eu nao sei,Facil,Sim,Sim,8,,,45.0,masculino,United Kingdom,United Kingdom,,Nao
Nao,Nao,Nao,Eu nao sei,Muito Facil,Sim,Sim,10,,,23.0,Masculino,India,India,,Nao
Sim,Nao,Nao,Eu nao sei,Facil,Sim,Talvez,6,,,26.0,Masculino,United States,United States,,Nao
,,,,,,,10,,Nao aplicavel,23.0,Masculino,Canada,Canada,Sim,Sim
Eu nao sei,Nao,Nao,Sim,Muito Facil,Sim,Sim,8,,,34.0,Masculino,United States,United States,,Nao
Sim,Nao,Nao,Nao,Dificil,Nao,Nao,3,,,42.0,Feminino,United States,United States,,Nao
Eu nao sei,Nao,Eu nao sei,Eu nao sei,Eu nao sei,Nao,Talvez,2,,,42.0,Masculino,United States,United States,,Nao
Sim,Nao,Nao,Eu nao sei,Um pouco dificil,Talvez,Talvez,8,,,35.0,Masculino,United States,United States,,Sim
Nao,Nao,Nao,Sim,Muito Facil,Sim,Sim,8,,,36.0,Masculino,United States,United States,Sim,Sim
Sim,Nao,Eu nao sei,Sim,Facil,Talvez,Talvez,7,,,37.0,Masculino,United States,United States,,Nao
Sim,Sim,Sim,Sim,Facil,Sim,Sim,10,,,31.0,Feminino,United States,United States,Sim,Sim
Sim,Nao,Eu nao sei,Eu nao sei,Facil,Sim,Sim,10,,,27.0,Masculino,United States,United States,,Sim
Eu nao sei,Eu nao sei,Eu nao sei,Eu nao sei,Muito Facil,Talvez,Talvez,5,,,38.0,Masculino,United Kingdom,United Kingdom,,Nao
Nao,Sim,Nao,Sim,Nem facil nem dificil,Sim,Sim,10,,,32.0,Masculino,United States,United States,Sim,Sim
Sim,Nao,Eu nao sei,Eu nao sei,Muito Facil,Talvez,Nao,8,,,23.0,Outro,United States,United States,Sim,Nao
Nao,Nao,Eu nao sei,Eu nao sei,Um pouco dificil,Nao,Nao,0,,,51.0,Masculino,United States,United States,Sim,Sim
Nao elegivel - NA,Nao,Nao,Eu nao sei,Eu nao sei,Talvez,Nao,6,,,19.0,Feminino,United States,United States,,Nao
Sim,Sim,Eu nao sei,Eu nao sei,Eu nao sei,Nao,Nao,8,,,44.0,Masculino,United States,United States,Sim,Nao
Sim,Nao,Eu nao sei,Eu nao sei,Eu nao sei,Talvez,Nao,8,,,42.0,Masculino,United States,United States,Sim,Sim
Sim,Nao,Nao,Eu nao sei,Muito Facil,Sim,Sim,10,,,26.0,Masculino,United States,United States,Sim,Sim
Sim,Nao,Nao,Sim,Facil,Nao,Talvez,7,,,38.0,Masculino,United States,United States,Sim,Sim
Sim,Sim,Sim,Sim,Muito Facil,Sim,Sim,10,,,26.0,Feminino ,United States,United States,Sim,Sim
Sim,Nao,Sim,Sim,Muito Facil,Sim,Sim,8,,,32.0,Masculino,United States,United States,,Sim
Sim,Sim,Eu nao sei,Eu nao sei,Facil,Sim,Sim,8,,,39.0,Masculino,United States,United States,Sim,Sim
Sim,Nao,Nao,Sim,Eu nao sei,Sim,Talvez,8,,,44.0,feminino,United States,United States,Sim,Sim
Sim,Eu nao sei,Eu nao sei,Eu nao sei,Muito Facil,Sim,Talvez,8,,,33.0,Feminino,United States,United States,Sim,Sim
Eu nao sei,Sim,Nao,Eu nao sei,Facil,Sim,Sim,8,,,42.0,Masculino,Australia,Australia,Sim,Sim
,,,,,,,5,,Sem mudanca,57.0,Masculino,United States,United States,Sim,Sim
Nao,Nao,Nao,Eu nao sei,Nem facil nem dificil,Nao,Nao,2,,,28.0,masculino,Germany,Germany,,Sim
Nao,Sim,Nao,Eu nao sei,Muito Facil,Nao,Sim,10,,,31.0,masculino,France,France,Sim,Sim
,,,,,,,10,,Nao aplicavel,34.0,Masculino,United States,United States,,Nao
Eu nao sei,Nao,Eu nao sei,Sim,Muito Facil,Sim,Talvez,10,,,35.0,Masculino,France,France,,Nao
Eu nao sei,Nao,Nao,Eu nao sei,Eu nao sei,Talvez,Nao,5,,,30.0,Masculino,United States,United States,,Nao
Sim,Nao,Nao,Eu nao sei,Facil,Sim,Talvez,6,,,30.0,Masculino,United States,United States,Sim,Sim
Eu nao sei,Nao,Nao,Eu nao sei,Muito Facil,Talvez,Sim,5,,,40.0,outros,United States,United States,,Nao
Eu nao sei,Nao,Eu nao sei,Eu nao sei,Eu nao sei,Talvez,Talvez,10,,,39.0,masculino,United States,United States,,Nao
Eu nao sei,Nao,Nao,Eu nao sei,Eu nao sei,Talvez,Talvez,3,,,24.0,m,United States,United States,,Nao
Sim,Nao,Eu nao sei,Sim,Um pouco dificil,Talvez,Talvez,9,,,42.0,cisgênero masculino,United States,United States,,Sim
Sim,Nao,Nao,Eu nao sei,Dificil,Talvez,Talvez,9,,,35.0,Masculino,United States,United States,,Sim
Sim,Eu nao sei,Eu nao sei,Sim,Facil,Sim,Talvez,9,,,34.0,Masculino,United States,United States,Sim,Sim
Eu nao sei,Nao,Eu nao sei,Eu nao sei,Eu nao sei,Nao,Nao,10,,,33.0,Feminino,United States,United States,Sim,Sim
Sim,Nao,Eu nao sei,Sim,Facil,Sim,Talvez,7,,,37.0,Masculino,United States,United States,,Nao
Sim,Nao,Nao,Sim,Facil,Sim,Sim,8,,,36.0,Masculino,United States,United States,Sim,Sim
Sim,Nao,Nao,Sim,Nem facil nem dificil,Sim,Sim,9,,,47.0,cisgênero feminino,United States,United States,,Sim
Eu nao sei,Nao,Nao,Eu nao sei,Eu nao sei,Talvez,Talvez,6,,,42.0,Masculino,United States,United States,,Nao
Sim,Sim,Sim,Eu nao sei,Dificil,Talvez,Talvez,8,,,29.0,outros,United States,United States,Sim,Sim
,,,,,,,9,Nao tenho certeza,Negativamente,30.0,Gênero Fluido,United States,United States,Sim,Sim
Sim,Sim,Sim,Sim,Muito Facil,Sim,Sim,5,,,24.0,Feminino,United States,United States,Sim,Sim
Sim,Sim,Sim,Sim,Eu nao sei,Nao,Nao,3,,,41.0,Masculino,United States,United States,,Nao
Sim,Sim,Sim,Eu nao sei,Facil,Sim,Talvez,7,,,48.0,Feminino,United States,United States,Sim,Sim
Sim,Sim,Sim,Eu nao sei,Facil,Talvez,Talvez,9,,,31.0,Homem,United States,United States,Sim,Sim
Sim,Sim,Sim,Eu nao sei,Facil,Nao,Talvez,6,,,65.0,masculino,Canada,Canada,,Sim
Nao elegivel - NA,Nao,Eu nao sei,Eu nao sei,Dificil,Nao,Nao,7,,,34.0,não binário,United States,United States,,Sim
Eu nao sei,Eu nao sei,Eu nao sei,Eu nao sei,Dificil,Sim,Talvez,5,,,55.0,Feminino,United States,United States,,Nao
,,,,,,,10,,Negativamente,33.0,Feminino,United States,United States,Sim,Sim
Sim,Nao,Nao,Eu nao sei,Um pouco dificil,Nao,Nao,3,,,41.0,F,United States,United States,Sim,Sim
Sim,Nao,Eu nao sei,Eu nao sei,Nem facil nem dificil,Nao,Nao,8,,,24.0,Feminino,United States,United States,Sim,Sim
Nao elegivel - NA,Nao,Eu nao sei,Eu nao sei,Dificil,Nao,Talvez,4,,,27.0,Feminino,United States,United States,,Nao
Sim,Sim,Eu nao sei,Eu nao sei,Nem facil nem dificil,Talvez,Talvez,6,,,30.0,Masculino,Canada,Canada,,Nao
Sim,Sim,Sim,Sim,Muito Facil,Sim,Sim,10,,,37.0,masculino,United States,United States,Sim,Sim
Nao,Nao,Nao,Eu nao sei,Dificil,Nao,Nao,4,,,61.0,masculino,United States,United States,Sim,Sim
,,,,,,,6,,Nao aplicavel,45.0,M,Netherlands,Netherlands,,Nao
Eu nao sei,Nao,Eu nao sei,Eu nao sei,Eu nao sei,Nao,Nao,7,,,29.0,Masculino,United States,United States,Sim,Sim
Sim,Eu nao sei,Nao,Eu nao sei,Eu nao sei,Talvez,Sim,10,,,41.0,Masculino,United States,United States,Sim,Sim
Eu nao sei,Nao,Nao,Sim,Um pouco dificil,Talvez,Nao,9,,,30.0,Masculino,United States,United States,Sim,Sim
Sim,Sim,Sim,Eu nao sei,Nem facil nem dificil,Sim,Talvez,6,,,29.0,Mulher,United States,United States,Sim,Sim
Sim,Sim,Sim,Nao,Muito Facil,Talvez,Sim,10,,,34.0,Feminino,Australia,Australia,Sim,Sim
,,,,,,,8,Sem mudanca,Sem mudanca,52.0,Masculino,United States,United States,Sim,Sim
Sim,Sim,Sim,Sim,Eu nao sei,Talvez,Talvez,7,,,36.0,masculino,United States,United States,,Sim
Eu nao sei,Nao,Nao,Eu nao sei,Muito Facil,Talvez,Talvez,3,,,34.0,Masculino,United Kingdom,United Kingdom,,Nao
,,,,,,,1,Negativamente,Negativamente,51.0,Masculino,United States,United States,Sim,Sim
Sim,Nao,Eu nao sei,Sim,Nem facil nem dificil,Sim,Nao,2,,,35.0,Masculino,United States,United States,,Sim
Eu nao sei,Nao,Nao,Nao,Dificil,Nao,Talvez,4,,,34.0,Masculino,United States,United States,Sim,Sim
Sim,Sim,Nao,Eu nao sei,Facil,Talvez,Sim,7,,,24.0,feminino,United States,United States,Sim,Sim
Sim,Sim,Sim,Sim,Um pouco dificil,Talvez,Talvez,5,,,37.0,Masculino,United States,United States,,Nao
Nao,Nao,Nao,Eu nao sei,Dificil,Sim,Sim,0,,,24.0,Feminino ,United States,United States,Sim,Sim
Nao elegivel - NA,Nao,Nao,Eu nao sei,Facil,Nao,Nao,0,,,46.0,Masculino,United States,United States,,Sim
Eu nao sei,Nao,Eu nao sei,Eu nao sei,Facil,Sim,Talvez,8,,,31.0,m,United States,United States,,Sim
,,,,,,,5,,Nao tenho certeza,35.0,M,United States,United States,Sim,Sim
Sim,Sim,Sim,Sim,Muito Facil,Sim,Sim,10,,,40.0,Masculino ,United States,United States,,Nao
Sim,Nao,Nao,Sim,Facil,Sim,Sim,10,,,28.0,masculino,United States,United States,Sim,Sim
Eu nao sei,Nao,Nao,Eu nao sei,Muito Facil,Talvez,Talvez,5,,,28.0,Masculino,United States,United States,,Sim
Sim,Eu nao sei,Eu nao sei,Eu nao sei,Eu nao sei,Talvez,Talvez,8,,,31.0,Masculino,United States,United States,Sim,Sim
Sim,Eu nao sei,Sim,Eu nao sei,Facil,Sim,Sim,7,,,27.0,Masculino,United States,United States,,Nao
Sim,Nao,Nao,Sim,Eu nao sei,Nao,Sim,10,,,35.0,Masculino,United States,United States,Sim,Sim
